{"cameraMode":{"drawMode":0,"name":"Shaded","section":"Shading Mode"},"sceneLighting":false,"audioPlay":false,"sceneViewState":{"showFog":true,"showMaterialUpdate":false,"showSkybox":true,"showFlares":true,"showImageEffects":true,"showParticleSystems":true},"in2DMode":false,"pivot":{"x":7.042280197143555,"y":-0.09941482543945313,"z":10.63454818725586},"rotation":{"x":-0.19792196154594422,"y":-0.48196205496788027,"z":0.11276865750551224,"w":-0.8460630774497986},"size":2.8578836917877199,"orthographic":false}