{"cameraMode":{"drawMode":0,"name":"Shaded","section":"Shading Mode"},"sceneLighting":false,"audioPlay":false,"sceneViewState":{"showFog":true,"showMaterialUpdate":false,"showSkybox":true,"showFlares":true,"showImageEffects":true,"showParticleSystems":true},"in2DMode":false,"pivot":{"x":-0.9243049621582031,"y":9.372048377990723,"z":4.233685493469238},"rotation":{"x":0.17645733058452607,"y":0.32086265087127688,"z":-0.06101633980870247,"w":0.9285402297973633},"size":9.171812057495118,"orthographic":false}