{"cameraMode":{"drawMode":0,"name":"Shaded","section":"Shading Mode"},"sceneLighting":false,"audioPlay":false,"sceneViewState":{"showFog":true,"showMaterialUpdate":false,"showSkybox":true,"showFlares":true,"showImageEffects":true,"showParticleSystems":true},"in2DMode":false,"pivot":{"x":-0.05002701282501221,"y":10.33017635345459,"z":-0.03680622577667236},"rotation":{"x":0.11839430779218674,"y":-0.6244684457778931,"z":0.09645208716392517,"w":0.7659758925437927},"size":4.207260608673096,"orthographic":false}