{"cameraMode":{"drawMode":0,"name":"Shaded","section":"Shading Mode"},"sceneLighting":false,"audioPlay":false,"sceneViewState":{"showFog":true,"showMaterialUpdate":false,"showSkybox":true,"showFlares":true,"showImageEffects":true,"showParticleSystems":true},"in2DMode":false,"pivot":{"x":-20.55035400390625,"y":-8.70172119140625,"z":94.04955291748047},"rotation":{"x":0.4646628201007843,"y":0.3921234607696533,"z":-0.24086084961891175,"w":0.7565141320228577},"size":74.06678771972656,"orthographic":false}