{"cameraMode":{"drawMode":0,"name":"Shaded","section":"Shading Mode"},"sceneLighting":false,"audioPlay":false,"sceneViewState":{"showFog":true,"showMaterialUpdate":false,"showSkybox":true,"showFlares":true,"showImageEffects":true,"showParticleSystems":true},"in2DMode":false,"pivot":{"x":14.062273979187012,"y":3.5980358123779299,"z":4.860036849975586},"rotation":{"x":-0.1672878861427307,"y":0.683150053024292,"z":-0.1651720404624939,"w":-0.6914035677909851},"size":11.865860939025879,"orthographic":false}