{"cameraMode":{"drawMode":0,"name":"Shaded","section":"Shading Mode"},"sceneLighting":false,"audioPlay":false,"sceneViewState":{"showFog":true,"showMaterialUpdate":false,"showSkybox":true,"showFlares":true,"showImageEffects":true,"showParticleSystems":true},"in2DMode":false,"pivot":{"x":0.9294791221618652,"y":10.710409164428711,"z":0.595388650894165},"rotation":{"x":0.10949021577835083,"y":0.632124125957489,"z":-0.0909329354763031,"w":0.7616837620735169},"size":7.287138938903809,"orthographic":false}