{"cameraMode":{"drawMode":0,"name":"Shaded","section":"Shading Mode"},"sceneLighting":false,"audioPlay":false,"sceneViewState":{"showFog":true,"showMaterialUpdate":false,"showSkybox":true,"showFlares":true,"showImageEffects":true,"showParticleSystems":true},"in2DMode":false,"pivot":{"x":7.042280197143555,"y":-0.09941482543945313,"z":10.63454818725586},"rotation":{"x":-0.20476286113262177,"y":0.1906425952911377,"z":-0.040677111595869067,"w":-0.959204375743866},"size":2.8578836917877199,"orthographic":false}