{"cameraMode":{"drawMode":0,"name":"Shaded","section":"Shading Mode"},"sceneLighting":false,"audioPlay":false,"sceneViewState":{"showFog":true,"showMaterialUpdate":false,"showSkybox":true,"showFlares":true,"showImageEffects":true,"showParticleSystems":true},"in2DMode":false,"pivot":{"x":2.9442367553710939,"y":-23.906015396118165,"z":-33.435455322265628},"rotation":{"x":0.14728286862373353,"y":0.7575557231903076,"z":-0.18323518335819245,"w":0.6089679598808289},"size":130.27618408203126,"orthographic":false}