{"cameraMode":{"drawMode":0,"name":"Shaded","section":"Shading Mode"},"sceneLighting":false,"audioPlay":false,"sceneViewState":{"showFog":true,"showMaterialUpdate":false,"showSkybox":true,"showFlares":true,"showImageEffects":true,"showParticleSystems":true},"in2DMode":false,"pivot":{"x":7.042280197143555,"y":-0.09941482543945313,"z":10.63454818725586},"rotation":{"x":-0.10206785798072815,"y":0.1718890219926834,"z":-0.017895901575684549,"w":-0.9796510338783264},"size":2.8578836917877199,"orthographic":false}