{"cameraMode":{"drawMode":0,"name":"Shaded","section":"Shading Mode"},"sceneLighting":false,"audioPlay":false,"sceneViewState":{"showFog":true,"showMaterialUpdate":false,"showSkybox":true,"showFlares":true,"showImageEffects":true,"showParticleSystems":true},"in2DMode":false,"pivot":{"x":-20.391359329223634,"y":27.153289794921876,"z":-2.900890350341797},"rotation":{"x":-0.12149203568696976,"y":-0.011965551413595677,"z":0.0015681138029322029,"w":-0.9925190806388855},"size":22.0,"orthographic":false}