{"cameraMode":{"drawMode":0,"name":"Shaded","section":"Shading Mode"},"sceneLighting":false,"audioPlay":false,"sceneViewState":{"showFog":true,"showMaterialUpdate":false,"showSkybox":true,"showFlares":true,"showImageEffects":true,"showParticleSystems":true},"in2DMode":false,"pivot":{"x":7.471218109130859,"y":0.8504562377929688,"z":5.162297248840332},"rotation":{"x":-0.06267518550157547,"y":-0.32362329959869387,"z":0.021506236866116525,"w":-0.9438629746437073},"size":0.7144709229469299,"orthographic":false}