{"cameraMode":{"drawMode":0,"name":"Shaded","section":"Shading Mode"},"sceneLighting":false,"audioPlay":false,"sceneViewState":{"showFog":true,"showMaterialUpdate":false,"showSkybox":true,"showFlares":true,"showImageEffects":true,"showParticleSystems":true},"in2DMode":false,"pivot":{"x":-1.2667949199676514,"y":9.073283195495606,"z":-0.008646339178085328},"rotation":{"x":0.45199471712112429,"y":-0.1953863799571991,"z":0.10210330784320831,"w":0.864349365234375},"size":16.901002883911134,"orthographic":false}