{"cameraMode":{"drawMode":0,"name":"Shaded","section":"Shading Mode"},"sceneLighting":false,"audioPlay":false,"sceneViewState":{"showFog":true,"showMaterialUpdate":false,"showSkybox":true,"showFlares":true,"showImageEffects":true,"showParticleSystems":true},"in2DMode":false,"pivot":{"x":0.025622844696044923,"y":0.021539509296417238,"z":-0.015775561332702638},"rotation":{"x":0.00996097456663847,"y":-0.9707626104354858,"z":0.23633866012096406,"w":0.04080300033092499},"size":13.190951347351075,"orthographic":false}