{"cameraMode":{"drawMode":0,"name":"Shaded","section":"Shading Mode"},"sceneLighting":false,"audioPlay":false,"sceneViewState":{"showFog":true,"showMaterialUpdate":false,"showSkybox":true,"showFlares":true,"showImageEffects":true,"showParticleSystems":true},"in2DMode":false,"pivot":{"x":7.471218109130859,"y":0.8504562377929688,"z":5.162297248840332},"rotation":{"x":-0.19792196154594422,"y":-0.48196205496788027,"z":0.11276865750551224,"w":-0.8460630774497986},"size":2.214470863342285,"orthographic":false}