{"cameraMode":{"drawMode":0,"name":"Shaded","section":"Shading Mode"},"sceneLighting":false,"audioPlay":false,"sceneViewState":{"showFog":true,"showMaterialUpdate":false,"showSkybox":true,"showFlares":true,"showImageEffects":true,"showParticleSystems":true},"in2DMode":false,"pivot":{"x":7.042280197143555,"y":-0.09941482543945313,"z":10.63454818725586},"rotation":{"x":-0.09418737143278122,"y":0.3848074972629547,"z":-0.03949468210339546,"w":-0.9173287749290466},"size":2.8578836917877199,"orthographic":false}