{"cameraMode":{"drawMode":0,"name":"Shaded","section":"Shading Mode"},"sceneLighting":false,"audioPlay":false,"sceneViewState":{"showFog":true,"showMaterialUpdate":false,"showSkybox":true,"showFlares":true,"showImageEffects":true,"showParticleSystems":true},"in2DMode":false,"pivot":{"x":-7.770133972167969,"y":-25.913911819458009,"z":-50.265045166015628},"rotation":{"x":-0.05465283989906311,"y":-0.9247034192085266,"z":0.14576338231563569,"w":-0.34740424156188967},"size":120.60475158691406,"orthographic":false}