{"cameraMode":{"drawMode":0,"name":"Shaded","section":"Shading Mode"},"sceneLighting":false,"audioPlay":false,"sceneViewState":{"showFog":true,"showMaterialUpdate":false,"showSkybox":true,"showFlares":true,"showImageEffects":true,"showParticleSystems":true},"in2DMode":false,"pivot":{"x":0.00221937894821167,"y":-0.23572862148284913,"z":0.870276927947998},"rotation":{"x":0.14686638116836549,"y":0.8335871696472168,"z":-0.4617202877998352,"w":0.265286922454834},"size":2.820664405822754,"orthographic":false}