{"cameraMode":{"drawMode":0,"name":"Shaded","section":"Shading Mode"},"sceneLighting":false,"audioPlay":false,"sceneViewState":{"showFog":true,"showMaterialUpdate":false,"showSkybox":true,"showFlares":true,"showImageEffects":true,"showParticleSystems":true},"in2DMode":false,"pivot":{"x":0.4246888756752014,"y":10.26632308959961,"z":3.1954941749572756},"rotation":{"x":-0.08054645359516144,"y":0.0370909720659256,"z":0.0029592441860586406,"w":0.9960561394691467},"size":16.276264190673829,"orthographic":false}