{"cameraMode":{"drawMode":0,"name":"Shaded","section":"Shading Mode"},"sceneLighting":true,"audioPlay":false,"sceneViewState":{"showFog":true,"showMaterialUpdate":false,"showSkybox":true,"showFlares":true,"showImageEffects":true,"showParticleSystems":true},"in2DMode":false,"pivot":{"x":791.5677490234375,"y":433.6158142089844,"z":207.15869140625},"rotation":{"x":-0.0287979356944561,"y":-0.004561328329145908,"z":0.00023518622037954628,"w":-0.9995748400688171},"size":2076.8251953125,"orthographic":false}