{"cameraMode":{"drawMode":0,"name":"Shaded","section":"Shading Mode"},"sceneLighting":true,"audioPlay":false,"sceneViewState":{"showFog":true,"showMaterialUpdate":false,"showSkybox":true,"showFlares":true,"showImageEffects":true,"showParticleSystems":true},"in2DMode":false,"pivot":{"x":11.7660551071167,"y":-3.200688362121582,"z":11.722124099731446},"rotation":{"x":-0.31524696946144106,"y":-0.13798844814300538,"z":0.046481743454933169,"w":-0.9377728700637817},"size":35.06422424316406,"orthographic":false}