{"cameraMode":{"drawMode":0,"name":"Shaded","section":"Shading Mode"},"sceneLighting":false,"audioPlay":false,"sceneViewState":{"showFog":true,"showMaterialUpdate":false,"showSkybox":true,"showFlares":true,"showImageEffects":true,"showParticleSystems":true},"in2DMode":false,"pivot":{"x":1.084409475326538,"y":-0.46725356578826907,"z":-0.5997004508972168},"rotation":{"x":0.10392402112483978,"y":-0.8797143697738648,"z":0.22538436949253083,"w":0.40559127926826479},"size":6.460253715515137,"orthographic":false}