{"cameraMode":{"drawMode":0,"name":"Shaded","section":"Shading Mode"},"sceneLighting":true,"audioPlay":false,"sceneViewState":{"showFog":true,"showMaterialUpdate":false,"showSkybox":true,"showFlares":true,"showImageEffects":true,"showParticleSystems":true},"in2DMode":false,"pivot":{"x":1000.8276977539063,"y":304.4202880859375,"z":-0.7025146484375},"rotation":{"x":0.038665808737277988,"y":-0.03603570908308029,"z":-0.0012920164735987783,"w":-0.9986013770103455},"size":1809.9593505859375,"orthographic":false}