{"cameraMode":{"drawMode":0,"name":"Shaded","section":"Shading Mode"},"sceneLighting":false,"audioPlay":false,"sceneViewState":{"showFog":true,"showMaterialUpdate":false,"showSkybox":true,"showFlares":true,"showImageEffects":true,"showParticleSystems":true},"in2DMode":false,"pivot":{"x":14.062273979187012,"y":3.5980358123779299,"z":4.860036849975586},"rotation":{"x":-0.1672879010438919,"y":0.6831501126289368,"z":-0.1651720553636551,"w":-0.6914036273956299},"size":11.865860939025879,"orthographic":false}