{"cameraMode":{"drawMode":0,"name":"Shaded","section":"Shading Mode"},"sceneLighting":false,"audioPlay":false,"sceneViewState":{"showFog":true,"showMaterialUpdate":false,"showSkybox":true,"showFlares":true,"showImageEffects":true,"showParticleSystems":true},"in2DMode":false,"pivot":{"x":7.042280197143555,"y":-0.09941482543945313,"z":10.63454818725586},"rotation":{"x":0.019807929173111917,"y":0.00031033356208354235,"z":0.0000063373649936693259,"w":0.9998037815093994},"size":2.8578836917877199,"orthographic":false}