{"cameraMode":{"drawMode":0,"name":"Shaded","section":"Shading Mode"},"sceneLighting":true,"audioPlay":false,"sceneViewState":{"showFog":true,"showMaterialUpdate":false,"showSkybox":true,"showFlares":true,"showImageEffects":true,"showParticleSystems":true},"in2DMode":false,"pivot":{"x":-91.32948303222656,"y":-296.7623291015625,"z":323.01300048828127},"rotation":{"x":0.34631049633026125,"y":-0.1755322515964508,"z":0.06611675769090653,"w":0.9191768765449524},"size":490.5170593261719,"orthographic":false}